PersonNumber,GrantNumber
11139,50781
118480,50781
50789,50781
52053,50781
52055,50781
25557,52505
25557,52505
57648,52790
91824,52790
118257,54146
3637,54146
5062,54146
68329,54991
58195,55214
115582,55313
75264,55313
115535,55385
68329,55385
115930,55410
34828,55410
11191,55458
11191,55458
15034,55458
15255,55458
22756,55458
8850,55458
8850,55458
100683,55475
100683,55475
44113,55475
10071,55572
34923,55572
13198,55653
29261,55681
45804,55681
118237,55770
36658,55770
54544,55770
69910,55856
69910,55856
113913,55893
11940,55893
1662,55893
27221,55893
2990,55899
41271,55899
5166,55899
9867,55899
137480,55917
139361,55917
139708,55917
139709,55917
18206,55917
84419,55917
85266,55917
91922,55917
95218,55917
120531,55924
120533,55924
130422,55924
3355,55924
513947,55924
513948,55924
9309,55924
94362,55924
66896,55932
69768,55932
72148,55932
7997,55932
111177,55945
30111,55945
53229,55945
22436,56059
3431,56059
62976,56059
57980,56189
11038,56368
120056,56368
121945,56368
121947,56368
139370,56368
19625,56368
38027,56368
62373,56368
114522,56429
12185,56429
2349,56429
8583,56429
126118,56477
27874,56477
36364,56477
53891,56477
56841,56477
59442,56477
113182,56486
121732,56486
19483,56486
20048,56486
54522,56517
44684,56519
105949,56546
100505,56547
105958,56550
58683,56553
25747,56559
105641,56570
105985,56570
122439,56570
12345,56570
129885,56570
134113,56570
2907,56570
33696,56570
54683,56570
90892,56570
43861,56589
38288,56592
51365,56599
100108,56601
98972,56609
106068,56626
73616,56627
116410,56643
12535,56643
3059,56643
54499,56643
106095,56649
63841,56651
10972,56655
12642,56655
26932,56655
56900,56659
66423,56659
66423,56659
118844,56660
47670,56660
85009,56660
85012,56660
106118,56669
117523,56675
29970,56675
6481,56675
49962,56687
122484,56689
134402,56689
23900,56689
46142,56689
49144,56697
121642,56699
121643,56699
44369,56699
95540,56699
10418,56704
106163,56712
11457,56712
119681,56712
130647,56712
139534,56712
54863,56712
7773,56712
118946,56714
118948,56714
59203,56714
82466,56714
124104,56715
45756,56715
46269,56715
8678,56715
9609,56715
12781,56719
134889,56719
46117,56719
53589,56719
121119,56727
124974,56727
25074,56727
3774,56727
49949,56727
10230,56728
36606,56728
49711,56728
507484,56728
514748,56728
514749,56728
72143,56728
106200,56750
130048,56750
130049,56750
26405,56750
26406,56750
52790,56750
103180,56755
114010,56755
134380,56755
134462,56755
18732,56755
105170,56764
113904,56764
15150,56764
83630,56764
25139,56780
41187,56780
8569,56780
20489,56786
10989,56796
117496,56796
131738,56796
49769,56796
503615,56796
80617,56796
94021,56796
115011,56818
11894,56818
12550,56818
130748,56818
51244,56818
8730,56823
106793,56825
138791,56825
29476,56825
57860,56825
90906,56825
122125,56835
129782,56835
19207,56835
35464,56835
5019,56835
101815,56854
4693,56854
115873,56855
75426,56855
83666,56855
85466,56855
118012,56858
8245,56858
85288,56858
106236,56862
36200,56862
54400,56862
75095,56862
82420,56862
111966,56865
130958,56865
85778,56865
94541,56865
115233,56871
85779,56871
85780,56871
9188,56871
97688,56871
105675,56876
106237,56876
109432,56876
109491,56876
111811,56876
117218,56876
117330,56876
121837,56876
14294,56876
16282,56876
4538,56876
74768,56876
80547,56876
84393,56876
99467,56876
45815,56878
121483,56885
123042,56885
123044,56885
123045,56885
49299,56885
507045,56885
90699,56885
20217,56889
4942,56889
85917,56889
88799,56889
97303,56889
133867,56893
56793,56893
56793,56893
118769,56900
122013,56900
23579,56900
33258,56900
38859,56900
95792,56900
10761,56922
121254,56922
121255,56922
121256,56922
121257,56922
132673,56922
136100,56922
75523,56922
30281,56923
106251,56927
106255,56927
117295,56927
130787,56927
40994,56927
66813,56927
91301,56927
106253,56932
106605,56950
131187,56950
23480,56950
91293,56950
96343,56950
106264,56961
129220,56961
129222,56961
129223,56961
70316,56961
72374,56961
104714,56975
106082,56975
106631,56975
111300,56975
114903,56975
122295,56975
122440,56975
125798,56975
13478,56975
13790,56975
14304,56975
14538,56975
14790,56975
15306,56975
2126,56975
24295,56975
28084,56975
31074,56975
84385,56975
92414,56975
9554,56975
99516,56975
15334,56980
17497,56980
115837,56991
139440,56991
139441,56991
31944,56991
510872,56991
57707,56991
115957,56992
115959,56992
115960,56992
66098,56992
96491,56993
96491,56993
32844,56997
54692,56997
75357,56997
96496,56997
106288,57005
106291,57011
100939,57026
4127,57026
106304,57027
12403,57027
89253,57027
138744,57043
69910,57043
106315,57062
121260,57062
9634,57062
106317,57065
121899,57065
26360,57065
3622,57065
44193,57065
502373,57065
502376,57065
71838,57065
95184,57065
106322,57066
116120,57066
26271,57066
57703,57066
57711,57066
106541,57069
121798,57069
121799,57069
38582,57069
75413,57069
121781,57075
20217,57075
85917,57075
10088,57081
115905,57081
99437,57081
106325,57085
121055,57085
19706,57085
116763,57093
116765,57093
121194,57093
12880,57093
131303,57093
131304,57093
133959,57093
27374,57093
10545,57106
122243,57106
122244,57106
136397,57106
136398,57106
22028,57106
100658,57111
118505,57111
125212,57111
125213,57111
22353,57111
62621,57111
62624,57111
504255,57121
95590,57121
106355,57123
125805,57123
125806,57123
130799,57123
133781,57123
21963,57123
36490,57123
85974,57123
116797,57128
3237,57128
95756,57128
116001,57147
116002,57147
129540,57147
85995,57147
117373,57156
71928,57156
84394,57156
4724,57161
98498,57161
106381,57194
125663,57194
3619,57194
40507,57194
86547,57194
41223,57200
46158,57200
53786,57200
110849,57203
113232,57203
121071,57203
126187,57203
126193,57203
131014,57203
132101,57203
4879,57203
82457,57203
106390,57211
106390,57211
32012,57211
41184,57211
601550,57211
106349,57215
120011,57215
106393,57216
106393,57216
123605,57216
123608,57216
123609,57216
123610,57216
123612,57216
127562,57216
134777,57216
139792,57216
36364,57216
82468,57216
85927,57216
106399,57228
82678,57228
82680,57228
82680,57228
100645,57230
11694,57230
115531,57236
115532,57236
115534,57236
515632,57236
10292,57244
130303,57244
136561,57244
20414,57244
39789,57244
509406,57244
91955,57244
100838,57245
118479,57245
552482,57245
106413,57247
115964,57247
131776,57247
25282,57247
40160,57247
121149,57250
124982,57250
129781,57250
132401,57250
54593,57250
113946,57261
120038,57261
23488,57261
54465,57261
106422,57263
573050,57264
116893,57279
126613,57279
130693,57279
133898,57279
21128,57279
7754,57279
84851,57279
37213,57373
41196,57373
21580,57380
81783,57432
132275,57434
132276,57434
81755,57434
16409,57456
30240,57456
121054,57468
123793,57468
130627,57468
130628,57468
130629,57468
138860,57468
38582,57468
559279,57468
100840,57473
10121,57473
3478,57473
46148,57473
118617,57475
118619,57475
130806,57475
134836,57475
45573,57475
503558,57475
503559,57475
518123,57475
10353,57476
119014,57476
121677,57476
121818,57476
122435,57476
130681,57476
135766,57476
139350,57476
139600,57476
502641,57476
502858,57476
502861,57476
502953,57476
118419,57479
24392,57479
3047,57479
49460,57479
501719,57479
503010,57479
507005,57479
511492,57479
91354,57479
96175,57479
118292,57481
125435,57481
129251,57481
4705,57481
503275,57481
504705,57481
514021,57481
91088,57481
106309,57496
118621,57496
128664,57496
133405,57496
139423,57496
139424,57496
517508,57496
537418,57502
114965,57505
121566,57505
15616,57505
41504,57505
500072,57505
514457,57505
520755,57505
118755,57507
130376,57507
134901,57507
138790,57507
4706,57507
510802,57507
84535,57507
115678,57508
122089,57508
123309,57508
126390,57508
128881,57508
129801,57508
129841,57508
139602,57508
503453,57508
511437,57508
513720,57508
515633,57508
8583,57508
26115,57511
119517,57513
119517,57513
124167,57513
129573,57513
503777,57513
507944,57513
507945,57513
510674,57513
524003,57513
528353,57513
528790,57513
76416,57513
88453,57513
104432,57516
114564,57516
118486,57516
46912,57516
507947,57516
511822,57516
513969,57516
119144,57519
119145,57519
119146,57519
122353,57519
125424,57519
132008,57519
4744,57519
500073,57519
519141,57519
519145,57519
77888,57519
106543,57525
110405,57525
119143,57525
120320,57525
120321,57525
139284,57525
19162,57525
2880,57525
4761,57525
503345,57525
509918,57525
511363,57525
513566,57525
112577,57528
115908,57528
124302,57528
124303,57528
134935,57528
137671,57528
20379,57528
502525,57528
126092,57532
126099,57532
128805,57532
33145,57532
35049,57532
500486,57532
503936,57532
507103,57532
507110,57532
54427,57532
4728,57534
82498,57534
82498,57534
109024,57539
118982,57539
118984,57539
118985,57539
139605,57539
37035,57539
507832,57539
510911,57539
513080,57539
98038,57539
10026,57542
110718,57542
11346,57542
123228,57542
126226,57542
134815,57542
33291,57542
48619,57542
512518,57542
512777,57542
517216,57542
517218,57542
517938,57542
118751,57548
122271,57548
500074,57548
503429,57548
60922,57548
62621,57548
118250,57552
121341,57552
121368,57552
85805,57552
112409,57562
123039,57562
123041,57562
130660,57562
130661,57562
131116,57562
26331,57562
4744,57562
61708,57562
124696,57572
130663,57572
130778,57572
26331,57572
41012,57572
114708,57595
114710,57595
75365,57595
109530,57619
109511,57620
10986,57626
1879,57626
20539,57626
7775,57626
61028,57632
91618,57660
119989,57695
47818,57695
109951,57697
80361,57704
110095,57737
121094,57741
4724,57741
7624,57741
99020,57741
128083,57746
49554,57746
504813,57746
7904,57746
91540,57746
95121,57746
95121,57746
104900,57750
111813,57750
121059,57750
122627,57750
48582,57750
7561,57750
7624,57750
99357,57750
99809,57750
100412,57751
110272,57751
26140,57751
27805,57751
4582,57751
4823,57751
531064,57751
76347,57751
76474,57751
93739,57751
95293,57751
99703,57751
100024,57753
10125,57753
108447,57753
108951,57753
124106,57753
125112,57753
125113,57753
126219,57753
128402,57753
128467,57753
128516,57753
133695,57753
134977,57753
27805,57753
4145,57753
53956,57753
76474,57753
85175,57753
91134,57753
93739,57753
94964,57753
95508,57753
99380,57753
99725,57753
100140,57755
107424,57755
108951,57755
110294,57755
115826,57755
116037,57755
129107,57755
13010,57755
130198,57755
130878,57755
36300,57755
44929,57755
4726,57755
53956,57755
7624,57755
76347,57755
85154,57755
94964,57755
99431,57755
99722,57755
110388,57770
110388,57770
29665,57770
105368,57791
111528,57791
111529,57791
116818,57791
116819,57791
116822,57791
116829,57791
131211,57791
131212,57791
131293,57791
131295,57791
131296,57791
131297,57791
134185,57791
134186,57791
134442,57791
137154,57791
137155,57791
541359,57791
63372,57791
66082,57791
82098,57791
86954,57791
91266,57791
94873,57791
95016,57791
116330,57794
23989,57794
26083,57794
78718,57794
8041,57794
121699,57795
121707,57795
130169,57795
54380,57795
76823,57795
90318,57795
116039,57797
121688,57797
131626,57797
133697,57797
135726,57797
135727,57797
138493,57797
139517,57797
51161,57797
69335,57797
7888,57797
111100,57798
131954,57798
131955,57798
50462,57798
63262,57798
84194,57798
54379,57799
54379,57799
101682,57800
112019,57800
43865,57800
44288,57800
50998,57800
71630,57800
118488,57803
121829,57803
16182,57803
44642,57803
69335,57803
84229,57803
133698,57806
44642,57806
553557,57806
57417,57806
69335,57806
25775,57807
72496,57807
72496,57807
81035,57807
116289,57808
25775,57808
72496,57808
94258,57808
104944,57809
106456,57809
110445,57809
120250,57809
120253,57809
123101,57809
123102,57809
124713,57809
130630,57809
15229,57809
16549,57809
35499,57809
35499,57809
45753,57809
45753,57809
524315,57809
524315,57809
69642,57809
71734,57809
73845,57809
81851,57809
81851,57809
94666,57809
95178,57809
107964,57811
28034,57811
62009,57811
69940,57811
19232,57812
8670,57812
8670,57812
95862,57812
116043,57813
116045,57813
122811,57813
137776,57813
17240,57813
4981,57813
119664,57814
74448,57814
74448,57814
74449,57814
74449,57814
110469,57815
123361,57815
3360,57815
10795,57816
22322,57816
3517,57816
51970,57816
56411,57816
89684,57816
124709,57817
126179,57817
37513,57817
46745,57817
9635,57817
110471,57819
110474,57819
13418,57819
503371,57819
503372,57819
110478,57820
116038,57820
127215,57820
130645,57820
61934,57820
109804,57822
137441,57822
137442,57822
137443,57822
40589,57822
89192,57822
125922,57823
48833,57823
9370,57823
114504,57824
125505,57824
20507,57824
33205,57824
33206,57824
95418,57824
99247,57824
118009,57825
126211,57825
3764,57825
41479,57825
43881,57825
66390,57825
13090,57826
3319,57826
40575,57828
58144,57828
58144,57828
115099,57829
115725,57829
130664,57829
20631,57829
97669,57829
105169,57830
110570,57830
30309,57830
34420,57830
3458,57830
75067,57830
122421,57832
123070,57832
126905,57832
70436,57832
61339,57835
71270,57835
76860,57835
76862,57835
119654,57836
121709,57836
137483,57836
137484,57836
33155,57836
74663,57836
74664,57836
129259,57837
129262,57837
129263,57837
46197,57837
74664,57837
92740,57837
107539,57850
107540,57850
135618,57850
138526,57850
32928,57850
32928,57850
502848,57850
508186,57850
509324,57850
121796,57863
123090,57863
134613,57863
50326,57863
50326,57863
504857,57863
504858,57863
507232,57863
507374,57863
507375,57863
514833,57863
514834,57863
88571,57863
107046,57866
116905,57866
122140,57866
126216,57866
128805,57866
130960,57866
132343,57866
33145,57866
33145,57866
500486,57866
508032,57866
84554,57866
90314,57866
91241,57866
97477,57866
120549,57881
120550,57881
121597,57881
135145,57881
38250,57881
38250,57881
509246,57881
72378,57881
111978,57883
32195,57883
32195,57883
507803,57883
99798,57883
116716,57894
128296,57894
128297,57894
13215,57894
13215,57894
31928,57894
35939,57894
4140,57894
64624,57894
66419,57894
97836,57894
120532,57941
122964,57941
131186,57941
38172,57941
38172,57941
500412,57941
504369,57941
504371,57941
122482,57950
44391,57950
44391,57950
503609,57950
94473,57950
96384,57950
100940,57969
100940,57969
139178,57969
500206,57969
506370,57969
53573,57969
104734,57982
129594,57982
14144,57982
51211,57982
51211,57982
117274,57989
49198,57989
49198,57989
552884,57989
102152,58000
105989,58000
109694,58000
112006,58000
119790,58000
121341,58000
124547,58000
132672,58000
134962,58000
85805,58000
85805,58000
90773,58000
91236,58000
122309,58040
126906,58040
130972,58040
131732,58040
139364,58040
139367,58040
139368,58040
56841,58040
56841,58040
53440,58043
111857,58049
122471,58049
123788,58049
91171,58049
91171,58049
20316,58066
117446,58075
128377,58075
46934,58075
46934,58075
120158,58085
126168,58085
128540,58085
134523,58085
134524,58085
502618,58085
85957,58085
85957,58085
95020,58085
124559,58097
127750,58097
137420,58097
137421,58097
66552,58097
66552,58097
105051,58108
109298,58108
138829,58108
48703,58108
48703,58108
120570,58111
122516,58111
122517,58111
33114,58111
33114,58111
510220,58111
510221,58111
45815,58148
122289,58151
507931,58151
510290,58151
57709,58151
57709,58151
122061,58173
130031,58173
510803,58173
63816,58173
63816,58173
121993,58215
63230,58215
63230,58215
10071,58228
121689,58228
34923,58228
533205,58241
533205,58241
9255,58247
110891,58248
11780,58248
41075,58248
540438,58248
6558,58248
131495,58250
13468,58250
65682,58250
8108,58250
8108,58250
11107,58253
121668,58253
44536,58253
18354,58254
510288,58254
510717,58254
8057,58254
117401,58256
127276,58256
129884,58256
131071,58256
18928,58256
509624,58256
81389,58256
11692,58258
121903,58258
81717,58258
108574,58263
25711,58263
32982,58263
40741,58263
6421,58263
14775,58264
3319,58264
3779,58264
92061,58264
22181,58265
43909,58265
80525,58265
87314,58265
89655,58265
116042,58266
118853,58266
31192,58266
3779,58266
51170,58266
533069,58266
81497,58266
81778,58266
86416,58266
95017,58266
13190,58267
139175,58267
43906,58267
509877,58267
70523,58267
76611,58267
77603,58267
12292,58268
130879,58268
136324,58268
136325,58268
138858,58268
138859,58268
43705,58268
45575,58268
51700,58268
54577,58268
71432,58268
77791,58268
87488,58268
107159,58269
109548,58269
109548,58269
113418,58269
121117,58269
125257,58269
130345,58269
131162,58269
131789,58269
139176,58269
43386,58269
43952,58269
46424,58269
51714,58269
70597,58269
70597,58269
98724,58269
51640,58271
54326,58271
110921,58273
110923,58273
51622,58273
54240,58273
78508,58273
110927,58274
110927,58274
110941,58274
115804,58274
115805,58274
51640,58274
74438,58274
23480,58275
54303,58275
54305,58275
94260,58275
121501,58276
78345,58276
10365,58277
108621,58277
110931,58277
43557,58277
632970,58277
110934,58278
12497,58278
56990,58278
84978,58278
95037,58278
110946,58282
110948,58282
19086,58282
41038,58282
51715,58282
54312,58282
54315,58282
60699,58282
60699,58282
20304,58283
51703,58283
12506,58284
26300,58284
29541,58284
41038,58284
46118,58284
51703,58284
16133,58285
48681,58285
48681,58285
62216,58285
10587,58287
10587,58288
34100,58288
510761,58288
85687,58288
10587,58289
114492,58289
122354,58289
34100,58289
46959,58289
46959,58289
85687,58289
87165,58289
100372,58291
109205,58291
110930,58291
110930,58291
110939,58291
22263,58291
43322,58291
43984,58291
50508,58291
55859,58291
69878,58291
70497,58291
91431,58291
91431,58291
95060,58291
50458,58294
567297,58294
7238,58294
110930,58295
22263,58295
55859,58295
69878,58295
70472,58295
91431,58295
121461,58298
121928,58298
131927,58298
35241,58298
94735,58298
123786,58304
123787,58304
125972,58304
27059,58304
27857,58304
10223,58310
121979,58310
128894,58310
62222,58310
78780,58310
106749,58311
121274,58311
122548,58311
122549,58311
129015,58311
135733,58311
95621,58311
106766,58312
122272,58312
122273,58312
123149,58312
126209,58312
134865,58312
22070,58312
85287,58312
121789,58315
121790,58315
504881,58315
9316,58315
91359,58318
45056,58319
68727,58319
35805,58329
85472,58329
35805,58332
58563,58332
109687,58345
126634,58346
42538,58346
505590,58346
505592,58346
50924,58346
50924,58346
2610,58351
8139,58351
11554,58352
116239,58352
117107,58352
117126,58352
125502,58352
134039,58352
130726,58354
31102,58354
31102,58354
503443,58354
507151,58354
105462,58357
117284,58357
45345,58357
509556,58357
518617,58357
57357,58357
57357,58357
8348,58357
103161,58373
117364,58373
117364,58373
12223,58373
38824,58373
38824,58373
57523,58373
92363,58373
122010,58375
12297,58375
12297,58375
27992,58375
46009,58375
125856,58377
135408,58377
17900,58377
21260,58377
23167,58377
45154,58377
63630,58377
91439,58377
26328,58381
111000,58397
31708,58398
551545,58398
8937,58407
99376,58420
99376,58420
82296,58421
121885,58425
129665,58425
505705,58425
99376,58425
120740,58426
121763,58426
131289,58426
138877,58426
503187,58426
504502,58426
509199,58426
523112,58426
82296,58426
12018,58427
98194,58430
62915,58431
25948,58440
120584,58445
6341,58445
27239,58446
27239,58446
6341,58446
6341,58446
116035,58447
50458,58447
7238,58447
54830,58448
9809,58448
117469,58450
121869,58450
128394,58450
43738,58450
505400,58450
54692,58450
90614,58450
91564,58450
92230,58450
120055,58451
54692,58451
90614,58451
91564,58451
9789,58451
118772,58452
118773,58452
32844,58452
514817,58452
10384,58457
10384,58457
111157,58457
116030,58457
31038,58457
31038,58457
63547,58457
82663,58457
11634,58459
5362,58459
5362,58461
131772,58462
40703,58462
49661,58462
67660,58462
90645,58462
111776,58463
126309,58463
1662,58463
66549,58463
8053,58463
90334,58463
99993,58463
11634,58464
120761,58464
126128,58464
131160,58464
82662,58464
93910,58464
99097,58464
16142,58474
16142,58474
55758,58476
122445,58477
512401,58477
55758,58477
24037,58478
72540,58478
125971,58479
25186,58479
27857,58480
54057,58480
103619,58481
115335,58481
122230,58481
27857,58481
500087,58481
72879,58481
85287,58481
86995,58481
130331,58484
48725,58484
514776,58484
514776,58484
7860,58484
518978,58485
85730,58487
85730,58487
121616,58496
12448,58496
138746,58496
138751,58496
15136,58496
45283,58496
80824,58496
99019,58496
111143,58507
116438,58507
116849,58507
117060,58507
117062,58507
131226,58507
78440,58507
114914,58508
126367,58508
134572,58508
134573,58508
134574,58508
134575,58508
134578,58508
134580,58508
57884,58508
95855,58508
98990,58508
62676,58510
98934,58510
102992,58511
121128,58511
130192,58511
22070,58511
77890,58511
121520,58512
75149,58512
98321,58512
54465,58514
32458,58519
128615,58520
23591,58520
32458,58520
32458,58520
85850,58520
11389,58521
116266,58521
130669,58521
502975,58521
502976,58521
520227,58521
71602,58521
103619,58522
26091,58522
53288,58522
53288,58522
74855,58522
8522,58522
99232,58522
125639,58523
134726,58523
14986,58523
48164,58523
48164,58523
54011,58523
125667,58525
136415,58525
46216,58525
77445,58525
111165,58533
111167,58533
17312,58533
57220,58533
57220,58533
80636,58533
8522,58533
138745,58534
27344,58534
50437,58534
6594,58534
74713,58534
7719,58534
89880,58534
27344,58535
30441,58535
49084,58535
5118,58535
54881,58535
117949,58536
117950,58536
134357,58536
135721,58536
26226,58536
27344,58536
45149,58536
50437,58536
54198,58536
54836,58536
6594,58536
7719,58536
8211,58536
11300,58543
64624,58543
93358,58543
20000,58545
20001,58545
8950,58546
90832,58546
98936,58546
128465,58547
128466,58547
20000,58547
84415,58547
84490,58547
98532,58547
116430,58549
116774,58549
125761,58549
130929,58549
130930,58549
503312,58549
78440,58549
113154,58550
118297,58550
118495,58550
119554,58550
87388,58550
111171,58551
116031,58551
116032,58551
116033,58551
117292,58551
121617,58551
122262,58551
125969,58551
121814,58558
124295,58558
13662,58558
117191,58559
135335,58559
500210,58559
60681,58559
9312,58559
9705,58559
10026,58565
19693,58565
3588,58575
63218,58583
63930,58585
118955,58593
9133,58593
28055,58598
6463,58598
111575,58602
17285,58602
84847,58602
10289,58607
121596,58607
37572,58607
43394,58607
65876,58607
65876,58607
12131,58608
126013,58608
85475,58608
66699,58611
111644,58612
118066,58619
118072,58619
125553,58619
125554,58619
139766,58619
40395,58619
13139,58624
23171,58624
31277,58624
107244,58630
111679,58630
14670,58630
506549,58630
106680,58636
124553,58636
32173,58636
104147,58638
12620,58638
130832,58638
25256,58638
3614,58638
504155,58638
517837,58638
116940,58639
131246,58639
131377,58639
3304,58639
62647,58639
6913,58639
94473,58639
12010,58645
120401,58645
40939,58645
32903,58646
82849,58646
111056,58656
125922,58656
9370,58656
121197,58657
12852,58657
13123,58657
27905,58657
115999,58661
115999,58661
117289,58661
129067,58661
131493,58661
134811,58661
137762,58661
137764,58661
138035,58661
19529,58661
500076,58661
507121,58661
82441,58661
8929,58661
116480,58663
121733,58663
124480,58663
12991,58663
136568,58663
18900,58663
36406,58663
43394,58663
506002,58663
518401,58663
521367,58663
122229,58664
125710,58664
126003,58664
126004,58664
12759,58664
131117,58664
509213,58664
512854,58664
515601,58664
515602,58664
6404,58664
75543,58664
80430,58664
102690,58668
118138,58668
125647,58668
128470,58668
128471,58668
129799,58668
135141,58668
139196,58668
41409,58668
46210,58668
503151,58668
56476,58668
136783,58671
20409,58671
3782,58671
49753,58671
518415,58671
71615,58671
101727,58674
108597,58674
136414,58674
124499,58691
124500,58691
126003,58691
126004,58691
127118,58691
502862,58691
510810,58691
6404,58691
80430,58691
111739,58716
118239,58717
130935,58717
25860,58717
122128,58719
122129,58719
48688,58719
9018,58740
121181,58742
29741,58742
111827,58746
118688,58746
14812,58746
4957,58746
14936,58750
111825,58752
22392,58752
122310,58754
128345,58754
97073,58754
104488,58758
121561,58758
505494,58758
75305,58758
8273,58758
75850,58759
8691,58759
66701,58762
101654,58765
91633,58765
10404,58767
27983,58767
29956,58767
52531,58767
9888,58767
105844,58768
109830,58768
113883,58768
118755,58768
125385,58768
125386,58768
126094,58768
130319,58768
134853,58768
135707,58768
138731,58768
138790,58768
4706,58768
132003,58769
89501,58769
9140,58769
3494,58770
46841,58770
505772,58770
87509,58770
111942,58772
132750,58775
47636,58775
95222,58775
9693,58775
11139,58777
118689,58777
4742,58777
4859,58777
54033,58777
96560,58777
96561,58777
10552,58781
63667,58781
134079,58786
15126,58786
19760,58786
23687,58786
50789,58786
57613,58786
85840,58786
111964,58789
10306,58794
2359,58794
8964,58794
101985,58798
120416,58798
121275,58798
32249,58798
116014,58799
116015,58799
12133,58799
137066,58799
62525,58799
106730,58800
111641,58800
121142,58800
121278,58800
124079,58800
130801,58800
3786,58800
509100,58800
511585,58800
514297,58800
99746,58800
105716,58801
105717,58801
105719,58801
4796,58801
85276,58801
100974,58803
11634,58803
121996,58803
125062,58803
126016,58803
129663,58803
49565,58803
105780,58805
39511,58805
39694,58805
42890,58805
4873,58805
51807,58805
56775,58805
59393,58808
8702,58808
88433,58808
9024,58808
122598,58809
54023,58809
71975,58809
94960,58809
98823,58809
118954,58811
4587,58811
71952,58811
110850,58813
22064,58813
49843,58813
23646,58814
63936,58815
112011,58820
10966,58822
41228,58822
53957,58822
61700,58822
90078,58822
112020,58824
7238,58824
9872,58824
11862,58826
135812,58826
16790,58826
16790,58826
13191,58827
4902,58827
61724,58827
98112,58827
106391,58829
118757,58830
118758,58830
62712,58830
111873,58831
118753,58831
118754,58831
121650,58831
138527,58831
139442,58831
4922,58831
502868,58831
503907,58831
503908,58831
19772,58833
9529,58835
126544,58836
3632,58836
118302,58839
139743,58839
503992,58839
507126,58839
81815,58839
119668,58840
119671,58840
58357,58840
100465,58841
115685,58841
125491,58841
12575,58841
24134,58841
9355,58841
4537,58845
107491,58846
118471,58846
118473,58846
12319,58846
130875,58846
131802,58846
134174,58846
134177,58846
104807,58847
125050,58847
13401,58847
15144,58847
4676,58847
96340,58847
40967,58848
58361,58848
58367,58848
76163,58848
76366,58848
85779,58849
85780,58849
9188,58849
97689,58849
110704,58850
122258,58855
13193,58855
49819,58855
75830,58855
112039,58856
117278,58856
126267,58856
75350,58856
109012,58857
111935,58857
112828,58857
130433,58857
19753,58857
44166,58857
4537,58857
56418,58857
74105,58857
85456,58857
88259,58857
91169,58857
103535,58858
12855,58858
134937,58858
135567,58858
139480,58858
85645,58858
118718,58859
59994,58859
120322,58860
23335,58860
108236,58861
116792,58861
121063,58861
124947,58861
36202,58861
11097,58863
122430,58863
4832,58863
96246,58863
100010,58864
10404,58864
108422,58864
131227,58864
4665,58864
120545,58865
125668,58865
129113,58865
133643,58865
134855,58865
135249,58865
135250,58865
19553,58865
502728,58865
59487,58865
118466,58866
121984,58866
24392,58866
114305,58867
23687,58867
50789,58867
85922,58867
112047,58868
121531,58868
121681,58868
129531,58868
138476,58868
53837,58868
106189,58871
120418,58871
42199,58871
26243,58878
53420,58878
63139,58878
105242,58879
111532,58879
135710,58879
139525,58879
500405,58879
500450,58879
82098,58879
11938,58880
39313,58880
82439,58880
9060,58880
96085,58880
112572,58881
125492,58881
127372,58881
134943,58881
20291,58881
105714,58882
10707,58882
107099,58882
115231,58882
115681,58882
116470,58882
118607,58882
118608,58882
122301,58882
122304,58882
13546,58882
14714,58882
15185,58882
23162,58882
24747,58882
36627,58882
5164,58882
73988,58882
79162,58882
8494,58882
89629,58882
91500,58882
94967,58882
96564,58882
96823,58882
98853,58882
8357,58883
122540,58884
7042,58884
8449,58884
6959,58887
9257,58887
9257,58887
98312,58887
10404,58888
34563,58888
8945,58888
9532,58888
111160,58889
121047,58889
82431,58889
90074,58889
118502,58890
95806,58890
112039,58891
122344,58891
505654,58891
57301,58891
75350,58891
111996,58892
69850,58892
118925,58893
53130,58893
9942,58893
121973,58894
69588,58894
31569,58895
19478,58896
2134,58896
4668,58896
13053,58897
106302,58898
54586,58898
15377,58900
96284,58900
9755,58900
124699,58901
129130,58901
134183,58901
13567,58901
13567,58901
17273,58901
40977,58901
57573,58901
57573,58901
22635,58903
3106,58903
9563,58903
98719,58903
98951,58903
124955,58904
29133,58904
503196,58904
112065,58909
119268,58909
100129,58910
12566,58910
18713,58911
72186,58911
9358,58911
10777,58912
126731,58912
32683,58912
500812,58912
62345,58912
95263,58912
105840,58913
105840,58913
122844,58913
122846,58913
131456,58913
14769,58913
507100,58913
508001,58913
513052,58913
105169,58914
129016,58914
3458,58914
121901,58915
33782,58915
49528,58916
504847,58916
514985,58916
8069,58916
111716,58917
112073,58917
126008,58917
139580,58917
8045,58917
81652,58917
9666,58917
112078,58923
112078,58923
19338,58923
21973,58923
24037,58923
72136,58924
82881,58924
106374,58925
119192,58926
119194,58926
121731,58926
41470,58926
12365,58927
135174,58927
71508,58927
12664,58930
14574,58930
2267,58930
110632,58932
40863,58934
40863,58934
118467,58935
43802,58935
8717,58935
112083,58936
112084,58936
121723,58936
121725,58936
121726,58936
121727,58936
121728,58936
125581,58936
87038,58936
112086,58937
11938,58937
3320,58937
9060,58937
93598,58937
118303,58938
16191,58938
500609,58938
112087,58940
119539,58940
13131,58940
99530,58940
122580,58941
2874,58941
119211,58943
3377,58943
11186,58945
139500,58945
61317,58945
121426,58946
20562,58946
598303,58946
100802,58947
112089,58947
118768,58947
126865,58947
118496,58948
11980,58948
122887,58948
115607,58950
134826,58950
134827,58950
134854,58950
4917,58950
94869,58950
96177,58950
104568,58951
105165,58951
106731,58951
125923,58951
129612,58951
13090,58951
131736,58951
3319,58951
509040,58951
510709,58951
519685,58951
100304,58952
107186,58952
11825,58952
118504,58952
126239,58952
13149,58952
16604,58952
2338,58952
31065,58952
69558,58952
91904,58952
91911,58952
92721,58952
99314,58952
112051,58953
139360,58953
4785,58953
4788,58953
12779,58955
41368,58955
8066,58955
101502,58956
118270,58956
126242,58956
15616,58956
10026,58957
114294,58957
125570,58957
134815,58957
18568,58957
44883,58957
48619,58957
95256,58957
101505,58958
110449,58958
111084,58958
120595,58958
126610,58958
130307,58958
131239,58958
13234,58958
15138,58958
4675,58958
86062,58958
106920,58959
115842,58959
122418,58959
13844,58959
14817,58959
15418,58959
4788,58959
4840,58959
9004,58959
96176,58959
9931,58959
139360,58960
20437,58960
4785,58960
4788,58960
118700,58961
130783,58961
41384,58961
112518,58962
11938,58962
3320,58962
12018,58966
66531,58971
11867,58972
126606,58972
20386,58972
80025,58972
91419,58972
104428,58973
20048,58973
131519,58974
30315,58974
78406,58974
84248,58974
118483,58977
121280,58977
4734,58977
5071,58977
91624,58977
33278,58980
100684,58983
100685,58983
6862,58983
8956,58983
8956,58983
112109,58984
119415,58984
119416,58984
4896,58984
109889,58985
111037,58985
115823,58985
116762,58985
130204,58985
131431,58985
134852,58985
134907,58985
134908,58985
17095,58985
17134,58985
4909,58985
78012,58985
92226,58985
11648,58986
11648,58986
12919,58986
25146,58986
49995,58986
54555,58986
59356,58986
9349,58988
95599,58988
106701,58990
112531,58990
127763,58990
12783,58990
19612,58990
60085,58990
82766,58990
96139,58990
106196,58991
112114,58991
112114,58991
500298,58991
82102,58991
98908,58991
107265,58995
118601,58995
12632,58995
126549,58995
80962,58995
105460,58996
112022,58996
11645,58996
117213,58996
126911,58996
126912,58996
3271,58996
41493,58996
80865,58996
91126,58996
112115,58998
84679,58998
102580,59000
110858,59000
117016,59000
118756,59000
120538,59000
125388,59000
126273,59000
14632,59000
14651,59000
14964,59000
17169,59000
4544,59000
4545,59000
49229,59000
510778,59000
58064,59000
61190,59000
67466,59000
69911,59000
7200,59000
78126,59000
102148,59001
107266,59001
111551,59001
118759,59001
126263,59001
15212,59001
19609,59001
29249,59001
4889,59001
4890,59001
4891,59001
70441,59001
82180,59001
82459,59001
82936,59001
49739,59004
86633,59004
103910,59005
108996,59005
112120,59005
127523,59005
3486,59005
122467,59006
44171,59006
7754,59006
98713,59006
12540,59007
86038,59007
121505,59008
129855,59008
136311,59008
136331,59008
23504,59008
27799,59008
47427,59008
4838,59008
11744,59009
4828,59009
98919,59009
10838,59012
112121,59012
121981,59012
110685,59013
131254,59013
35098,59013
12295,59014
129661,59014
81942,59014
20423,59016
54460,59016
88604,59016
91540,59016
131781,59017
23171,59017
27942,59017
552392,59017
66399,59017
43546,59019
121105,59022
130242,59022
130607,59022
130644,59022
51190,59022
515979,59022
51801,59022
518423,59022
523885,59022
111688,59028
112130,59028
26323,59030
31300,59030
87239,59030
9024,59030
97095,59030
112132,59031
120352,59031
131286,59031
503653,59031
73402,59031
95741,59031
127825,59034
13862,59034
49204,59036
110195,59037
115991,59037
123467,59037
13843,59037
15556,59037
23162,59037
40582,59037
62374,59037
76149,59037
96179,59037
99917,59037
122165,59041
34112,59041
110741,59042
112138,59042
122352,59042
82102,59042
26159,59044
4889,59044
4890,59044
4891,59044
118605,59045
30367,59045
5055,59045
91775,59045
93853,59045
135320,59047
75426,59047
83666,59047
91816,59047
23162,59048
42740,59048
4785,59048
500345,59048
76226,59048
125534,59050
126975,59050
134450,59050
134870,59050
135153,59050
139472,59050
19213,59050
503279,59050
511587,59050
512529,59050
94880,59050
106347,59056
5580,59056
61740,59056
113946,59057
121828,59057
123730,59057
127028,59057
129452,59057
135316,59057
1664,59057
87388,59057
22772,59059
99004,59059
100799,59061
11123,59061
11803,59061
118222,59061
119028,59061
121870,59061
502813,59061
502814,59061
121273,59062
126479,59062
135316,59062
48104,59062
48104,59062
106217,59063
118721,59063
118722,59063
118723,59063
87084,59063
121306,59064
71964,59064
72707,59064
132176,59068
132177,59068
30307,59068
133954,59069
132113,59071
134424,59071
134426,59071
138692,59071
41446,59071
94881,59071
96089,59071
106941,59072
40892,59072
14720,59074
85734,59074
116416,59075
117287,59075
126254,59075
134921,59075
138662,59075
138663,59075
138664,59075
138666,59075
45086,59075
554235,59075
96926,59075
119080,59076
43744,59076
100974,59077
112154,59077
122392,59077
126167,59077
555075,59077
63834,59077
26052,59080
96082,59080
7561,59081
90177,59081
91213,59081
94964,59081
23653,59083
27923,59083
10071,59084
121603,59084
121605,59084
17926,59084
106385,59087
106385,59087
126831,59087
49745,59087
54499,59087
54635,59087
500669,59088
84419,59088
20432,59091
17106,59092
503808,59092
1526,59093
119663,59094
127069,59094
134965,59094
53644,59094
9573,59094
112136,59095
121078,59095
126729,59095
134367,59095
134368,59095
31432,59095
3489,59095
45398,59095
89593,59095
89593,59095
125412,59097
46231,59097
91176,59097
20523,59099
12661,59100
17165,59100
125429,59103
69340,59103
76077,59103
82340,59103
85194,59103
85194,59103
20926,59104
20926,59104
57897,59104
10571,59108
112160,59108
75796,59108
100082,59109
127186,59109
20529,59109
69276,59109
112168,59110
502191,59110
502194,59110
502195,59110
56660,59110
86032,59110
28845,59114
110316,59115
112257,59115
123098,59115
4671,59115
118190,59116
6446,59116
109263,59117
109264,59117
112617,59117
115679,59117
128427,59117
130909,59117
131275,59117
133516,59117
133897,59117
134823,59117
134824,59117
2320,59117
26285,59117
91004,59117
94430,59117
3477,59119
65232,59119
122973,59120
56865,59120
8780,59120
100293,59121
110650,59121
116906,59121
116907,59121
116908,59121
122946,59121
138084,59121
3049,59121
4828,59121
54398,59121
67321,59121
74975,59121
76158,59121
8463,59121
91521,59121
122427,59122
124872,59122
138547,59122
30910,59122
503751,59122
506614,59122
513595,59122
598640,59122
12128,59123
121611,59123
129603,59124
85897,59124
105674,59129
106866,59129
114025,59129
118468,59129
119642,59129
123901,59129
129002,59129
134072,59129
14896,59129
508498,59129
81859,59129
94233,59129
94234,59129
96784,59129
118693,59131
118695,59131
133029,59131
62960,59131
78485,59131
111697,59132
112064,59132
119071,59132
71370,59132
99045,59132
121203,59134
8891,59134
115927,59135
121867,59135
125431,59135
131770,59135
46766,59135
111923,59136
12070,59136
33327,59136
85893,59136
90178,59136
109146,59137
114479,59137
121779,59137
22138,59137
57686,59137
49753,59139
89410,59139
91907,59139
97229,59139
100267,59141
122358,59141
128946,59141
130365,59141
134382,59141
134383,59141
134384,59141
22319,59141
500143,59141
503668,59141
503669,59141
509108,59141
511055,59141
511056,59141
511232,59141
514629,59141
24230,59144
27870,59144
8005,59144
123740,59145
13185,59145
36338,59145
52694,59145
118606,59146
32206,59146
54587,59146
91719,59146
95079,59146
9451,59149
27009,59150
27009,59150
7998,59150
22433,59151
27601,59151
45920,59151
92045,59151
11777,59152
118476,59152
15356,59152
80939,59152
97686,59152
33273,59154
4742,59154
4857,59154
82351,59154
93896,59154
95082,59154
107127,59155
109405,59155
110161,59155
122260,59155
111100,59156
134797,59156
137068,59156
50462,59156
63262,59156
121894,59157
130749,59157
75482,59157
85102,59157
85703,59157
121586,59158
125797,59158
136360,59158
1703,59158
21124,59158
80908,59158
81267,59158
12758,59159
1676,59159
5869,59159
100644,59161
101887,59161
111685,59161
114685,59161
118658,59161
121820,59161
125861,59161
12652,59161
19750,59161
25557,59161
4891,59161
84644,59161
9435,59161
112177,59164
112179,59164
112180,59164
122518,59164
125221,59164
25317,59165
502739,59165
502740,59165
502804,59165
510971,59165
513053,59165
519320,59165
3564,59167
89069,59167
552482,59169
94814,59169
95739,59169
11512,59170
120265,59170
22462,59170
11324,59171
122617,59171
122618,59171
129667,59171
135234,59171
36602,59171
112183,59173
121132,59173
46165,59173
133611,59174
133611,59174
4735,59174
96333,59174
11586,59178
72015,59178
83718,59178
58680,59179
58680,59179
133017,59182
16981,59182
17667,59182
80693,59182
99264,59182
125571,59183
32423,59183
509104,59183
112192,59187
11951,59187
12567,59188
130396,59188
41277,59188
41277,59188
80781,59188
90998,59188
7561,59189
85893,59189
91787,59189
11401,59193
1676,59193
67936,59193
112190,59194
122886,59194
136367,59194
66687,59194
10716,59196
43802,59196
91790,59196
112195,59198
118463,59198
4742,59198
50511,59198
75516,59198
118691,59199
125920,59199
18560,59199
58264,59199
584224,59199
112193,59202
36364,59202
53891,59202
55090,59202
105210,59204
111178,59204
116301,59204
120794,59204
22398,59204
502753,59204
504498,59204
507060,59204
18409,59206
3387,59206
105497,59207
121719,59207
121825,59207
126612,59207
14463,59207
14571,59207
14739,59207
14945,59207
20432,59207
20457,59207
20458,59207
20459,59207
20461,59207
54224,59207
84537,59207
88390,59207
88557,59207
95011,59207
100259,59208
109027,59208
121252,59208
20379,59208
72129,59209
87296,59209
120536,59210
27271,59210
511095,59210
115601,59211
126922,59211
135142,59211
3575,59211
509187,59211
509188,59211
518141,59211
54872,59211
89351,59211
7561,59213
85823,59213
97567,59213
32764,59214
57995,59214
75543,59214
82010,59214
82010,59214
2126,59215
3164,59215
75227,59215
108676,59216
121116,59216
134759,59216
37035,59216
105662,59217
107177,59217
134887,59217
26149,59217
31237,59217
45807,59217
509672,59217
126120,59219
136372,59219
28085,59219
541615,59219
54469,59219
82306,59219
49591,59220
65459,59220
96516,59220
11840,59222
130969,59222
63045,59222
82299,59222
95724,59222
116878,59223
122303,59223
86547,59223
108676,59224
12418,59224
134075,59224
30684,59224
118679,59230
127246,59230
95735,59230
95812,59230
26183,59237
118358,59241
34773,59241
36609,59241
108354,59242
120746,59242
75390,59242
118690,59243
29102,59243
4956,59243
4957,59243
10213,59245
119697,59245
57735,59245
10571,59246
120530,59246
46184,59246
54521,59246
16750,59247
45670,59247
8574,59247
9408,59247
121662,59248
21935,59248
54635,59248
54635,59248
110645,59249
125395,59249
17898,59249
4896,59249
119679,59254
37760,59254
70847,59254
116763,59256
118339,59256
3237,59256
4734,59256
67328,59256
100886,59257
112209,59257
122235,59257
4842,59257
126049,59258
32357,59258
53808,59258
111687,59261
115443,59261
126045,59261
130201,59261
131717,59261
131857,59261
54246,59261
75105,59261
81013,59261
87471,59261
113236,59263
4797,59263
118464,59265
44824,59265
54587,59265
62938,59265
23234,59267
62808,59267
62808,59267
112143,59268
121338,59268
131721,59268
36079,59268
97457,59268
112576,59269
118752,59269
13999,59269
121784,59270
14359,59270
31536,59270
121098,59271
121099,59271
12687,59271
120588,59272
124956,59272
31187,59272
91255,59272
100852,59274
123897,59274
122401,59275
122402,59275
129062,59275
129063,59275
37790,59275
75543,59275
102725,59276
122355,59276
124329,59276
130873,59276
135162,59276
29741,59276
75157,59276
75250,59276
8838,59276
57864,59278
66732,59278
106083,59279
118118,59279
121516,59279
121518,59279
124237,59279
129003,59279
131278,59279
133972,59279
541615,59279
111988,59280
116020,59280
37039,59280
11173,59282
121807,59282
130345,59282
82270,59282
87520,59282
98819,59282
112214,59283
112217,59283
119410,59283
121797,59283
131809,59283
85945,59283
122940,59285
36730,59285
99437,59285
103523,59286
103524,59286
103525,59286
115230,59286
118484,59286
118485,59286
119209,59286
121822,59286
124765,59286
126279,59286
131177,59286
18604,59286
4680,59286
91503,59286
91504,59286
91505,59286
98825,59286
98827,59286
122894,59287
123882,59287
123884,59287
47733,59287
509284,59287
11644,59291
12777,59291
16945,59291
16975,59291
112219,59293
120799,59293
120800,59293
106277,59294
118944,59294
26413,59294
126031,59296
132109,59296
20149,59296
49672,59296
9355,59296
40371,59301
106456,59305
16549,59305
100054,59308
115863,59308
11644,59308
118895,59308
12777,59308
13658,59308
13911,59308
14162,59308
16945,59308
16975,59308
81697,59308
90265,59308
96807,59308
2256,59309
66019,59309
106325,59311
123022,59311
33620,59311
500337,59311
509285,59311
8730,59311
112234,59319
120540,59319
122371,59319
22443,59319
500227,59319
505970,59319
507648,59319
509039,59319
68718,59319
8318,59319
10353,59320
126450,59320
126770,59320
47984,59320
500175,59320
95929,59320
112231,59321
138879,59321
86032,59321
112235,59324
118265,59324
121820,59324
126122,59324
12652,59324
127345,59324
19750,59324
34712,59324
131437,59326
3586,59326
53229,59326
54517,59326
77500,59326
57914,59329
101039,59331
12300,59331
29722,59331
29722,59331
51640,59331
41150,59333
28082,59335
118687,59336
54602,59336
100240,59338
12361,59338
10835,59341
121795,59341
133941,59341
20446,59341
4824,59341
535771,59341
77737,59341
79001,59341
9313,59342
119017,59346
119018,59346
27983,59346
27986,59346
59068,59346
82220,59346
122068,59348
15033,59348
16810,59348
3398,59348
37965,59348
59862,59348
80630,59348
84828,59348
93905,59348
135571,59350
20523,59350
502198,59350
88311,59350
9339,59350
72450,59352
12506,59354
72324,59354
74315,59354
10597,59355
129635,59355
139438,59355
139731,59355
139732,59355
84329,59355
49700,59357
96866,59357
98073,59357
121161,59359
121162,59359
121163,59359
26066,59359
26066,59359
32014,59359
82201,59359
85968,59364
111005,59366
130703,59366
137803,59366
137806,59366
54489,59366
59192,59366
9255,59366
93856,59366
100413,59367
109703,59367
120748,59367
134512,59367
136365,59367
67820,59367
79563,59367
106788,59369
130290,59369
500540,59369
504608,59369
8983,59369
100031,59370
116111,59370
120208,59370
26083,59370
8041,59370
53624,59371
69117,59371
91683,59371
126188,59372
13625,59372
15011,59372
19857,59372
2861,59372
2862,59372
74655,59372
80527,59372
101876,59373
29102,59373
44171,59373
4957,59373
104938,59374
104939,59374
104940,59374
104942,59374
126363,59374
127347,59374
137044,59374
137046,59374
4800,59374
83657,59374
18732,59375
23804,59375
23804,59375
26284,59375
502821,59375
504361,59375
504364,59375
76349,59375
99406,59375
100241,59378
102139,59378
105900,59378
20394,59378
4724,59378
81503,59378
87490,59378
118335,59379
502928,59379
82271,59379
96202,59379
126166,59380
13037,59380
136564,59380
500765,59380
66861,59380
78408,59380
137772,59381
31049,59381
85085,59381
86926,59381
121186,59382
13388,59382
43964,59382
53808,59382
71936,59382
79921,59382
51815,59383
26158,59384
54602,59384
83595,59384
91243,59384
12467,59385
12467,59385
86384,59385
112256,59388
119402,59389
13093,59389
3394,59389
109448,59390
122575,59390
134298,59390
24404,59390
5104,59390
75449,59390
7773,59390
107190,59391
124199,59391
4884,59391
76834,59391
95404,59391
98852,59391
85777,59392
97342,59392
97343,59392
9910,59392
95742,59393
46243,59394
41066,59395
72196,59395
72196,59395
124683,59396
124870,59396
139528,59396
20254,59396
27342,59396
5052,59396
92966,59396
112235,59397
12652,59397
19750,59397
19543,59399
20420,59399
41196,59399
63328,59399
63328,59399
130818,59400
48198,59400
22312,59401
33297,59401
80781,59401
97010,59401
120230,59404
18826,59404
4744,59404
96285,59404
36071,59405
4828,59405
91457,59405
111867,59413
121720,59413
12401,59413
22535,59413
36858,59413
112264,59414
121267,59414
24558,59414
35951,59414
502843,59414
82207,59414
123637,59415
17489,59415
3369,59415
50044,59415
502507,59415
502509,59415
502597,59415
513976,59415
513977,59415
513978,59415
549602,59415
74870,59415
86218,59415
86811,59415
106091,59416
121492,59416
121795,59416
20254,59416
4824,59416
63666,59416
79001,59416
121056,59417
1832,59417
1832,59417
45140,59417
4870,59417
122361,59419
18242,59419
500193,59419
22616,59424
27996,59424
41184,59424
99913,59424
118252,59427
28103,59427
78073,59427
16369,59430
10152,59431
121499,59431
121920,59431
500116,59431
100866,59433
109612,59433
109615,59433
109617,59433
115029,59433
115030,59433
118961,59433
121039,59433
121802,59433
121804,59433
121805,59433
13779,59433
14539,59433
4750,59433
52671,59433
67662,59433
67673,59433
84055,59433
88560,59433
88561,59433
88562,59433
88565,59433
88567,59433
121079,59435
121081,59435
121765,59435
3269,59435
3619,59435
97451,59435
120344,59436
120345,59436
26299,59436
54582,59436
112276,59437
28089,59437
8045,59437
82207,59437
24186,59441
96244,59441
111022,59442
121109,59442
44113,59442
12604,59445
130871,59445
506682,59445
507044,59445
68716,59445
112282,59446
121452,59446
121453,59446
25948,59446
49624,59447
501475,59447
502599,59447
503658,59447
506671,59447
519277,59447
112284,59449
112294,59449
121108,59449
22039,59449
62239,59449
62239,59449
115243,59450
131456,59450
9509,59450
112283,59451
118602,59451
118603,59451
118604,59451
112320,59452
121279,59452
125860,59452
12693,59452
60922,59452
91182,59452
23571,59453
121766,59455
121773,59455
66651,59455
98929,59455
116015,59456
121100,59456
127761,59456
14690,59456
49653,59456
93182,59456
97696,59456
110718,59457
123472,59457
33291,59457
112502,59460
118272,59460
118274,59460
30367,59460
57684,59460
58014,59460
95767,59460
100934,59461
112285,59461
123880,59461
15740,59462
53515,59462
48117,59465
53797,59465
9709,59465
121646,59469
124363,59469
12497,59469
16312,59469
25887,59469
121086,59470
122267,59470
122268,59470
122270,59470
23582,59470
58275,59470
78889,59471
8702,59471
9024,59471
11387,59473
121133,59473
16980,59473
12383,59474
124408,59474
5016,59474
502996,59474
504613,59474
9634,59474
116883,59478
125508,59478
5580,59478
84482,59478
84482,59478
95294,59478
15738,59482
17330,59482
19938,59482
99205,59482
120399,59483
134964,59483
14570,59483
1904,59483
500560,59483
85921,59483
93406,59483
119552,59484
24640,59484
80690,59484
10502,59485
106235,59485
121953,59485
91683,59485
112302,59491
112303,59493
112311,59493
44459,59493
90617,59493
112312,59499
119737,59499
119738,59499
125147,59499
63227,59501
10882,59503
45152,59503
82412,59503
91936,59503
91936,59503
110564,59511
112549,59511
120763,59511
134872,59511
503160,59511
18118,59513
112231,59516
86032,59516
11681,59517
121667,59517
126005,59517
26420,59517
81176,59517
95488,59517
112326,59520
121118,59520
134846,59520
17595,59520
503742,59520
9509,59520
8219,59523
12618,59526
13351,59526
14990,59526
58310,59526
6896,59526
118726,59532
131398,59532
54588,59532
54589,59532
94091,59532
99774,59532
500765,59541
503040,59541
507517,59541
507518,59541
749415,59541
120816,59544
120817,59544
131334,59544
131335,59544
134612,59544
15377,59544
37786,59544
37786,59544
66859,59544
76550,59544
78590,59544
84499,59544
100902,59550
112372,59550
122963,59550
33332,59550
36590,59550
135208,59551
15931,59551
8466,59551
112378,59553
112381,59553
112381,59553
72157,59553
101131,59556
126976,59556
16423,59556
104715,59558
104716,59558
111632,59558
121464,59558
130784,59558
135534,59558
62308,59558
91720,59558
109782,59559
134012,59559
76831,59559
9061,59559
95028,59559
13643,59564
56482,59564
112408,59571
118987,59571
132764,59571
24549,59571
26190,59571
9713,59571
115487,59576
53555,59576
8770,59576
108831,59578
124945,59578
17898,59578
4896,59578
56061,59578
11780,59579
2162,59579
95113,59579
112417,59584
8650,59584
112421,59586
124545,59586
57220,59586
112429,59588
112429,59588
124381,59588
124382,59588
5666,59588
57844,59588
112456,59596
112456,59596
120802,59596
29665,59596
29665,59596
57992,59596
121701,59602
41038,59602
519029,59602
552602,59602
112477,59608
106310,59609
122062,59609
122161,59609
134873,59609
16423,59609
503743,59609
126210,59623
30248,59623
30248,59623
3162,59623
3162,59623
53739,59623
82814,59623
82814,59623
112512,59631
35805,59631
99410,59640
16574,59645
2795,59645
63293,59645
105362,59648
105362,59648
132447,59648
138482,59648
71354,59648
108461,59651
108463,59651
25196,59651
2967,59651
125170,59659
125171,59659
130951,59659
130952,59659
131073,59659
138156,59659
43885,59659
74351,59659
41574,59663
112557,59669
122557,59669
135518,59669
136561,59669
510889,59669
121025,59673
122549,59673
122876,59673
123376,59673
128196,59673
133050,59673
503337,59673
506767,59673
95621,59673
112561,59684
122468,59684
122469,59684
44668,59684
112583,59697
120097,59697
120936,59697
8108,59697
123691,59718
123696,59718
17926,59718
27976,59718
27976,59718
8421,59718
10292,59720
135518,59720
136561,59720
32464,59720
510885,59720
510886,59720
510887,59720
510888,59720
131332,59729
137791,59729
1717,59729
503900,59729
7700,59729
90616,59729
17531,59733
17531,59733
71558,59733
71558,59733
10010,59735
106206,59735
121053,59735
129843,59735
74588,59735
75144,59735
106390,59738
126904,59738
130640,59738
32012,59738
35939,59738
35939,59738
500077,59738
99607,59738
122539,59741
34805,59741
34805,59741
500071,59741
503778,59741
89394,59741
517981,59744
8057,59744
135637,59757
135638,59757
28893,59757
501911,59757
7559,59757
112615,59767
90604,59767
113263,59769
31192,59769
14731,59772
21508,59772
29756,59773
567901,59773
95018,59773
69764,59774
27992,59777
46009,59777
113016,59799
40148,59800
58310,59800
6896,59800
113169,59804
2047,59804
63327,59811
115701,59812
115904,59812
22423,59812
503307,59812
100802,59813
46028,59813
11512,59814
86040,59814
113599,59815
121135,59817
121137,59817
26420,59817
81176,59817
95796,59817
99218,59817
99218,59817
116844,59819
120902,59819
12388,59819
3432,59819
36549,59819
36551,59819
50469,59819
50469,59819
113845,59820
106499,59821
130367,59821
26091,59821
45149,59821
105943,59822
114092,59824
114101,59825
114108,59828
114125,59829
72017,59830
62285,59831
114134,59832
114140,59834
114157,59835
11589,59836
11589,59836
7011,59836
114283,59837
12951,59838
3472,59838
77127,59838
86424,59839
9872,59839
12923,59840
18534,59840
91320,59840
9368,59840
11527,59841
29715,59841
50049,59841
114455,59847
2169,59850
114469,59855
114476,59857
114500,59859
114516,59863
36181,59865
604999,59866
2176,59868
8261,59880
115072,59884
115213,59902
111953,59905
115680,59905
123087,59905
126044,59905
134018,59905
139532,59905
2349,59905
115294,59906
19257,59906
509630,59906
90608,59906
84577,59925
11318,59929
50789,59929
81942,59938
115431,59941
22278,59941
54483,59941
82382,59941
1519,59948
115669,59953
115670,59953
12173,59953
106448,59958
110896,59958
121880,59958
128513,59958
129935,59958
62268,59958
7773,59958
12575,59960
91720,59960
62598,59961
115848,59963
23512,59963
67433,59963
16623,59966
54575,59966
33121,59977
4528,59977
82313,59977
20426,59979
554796,59979
63247,59979
87612,59979
125004,59980
130887,59980
139393,59980
46412,59980
22066,59981
71637,59981
116053,59983
12540,59984
87496,59984
89245,59984
107482,59985
11694,59985
116056,59986
25927,59988
25927,59989
116058,59990
19665,59991
116059,59992
85894,59993
106319,59997
108882,59997
54156,60005
116065,60010
24043,60010
95079,60025
116075,60046
116079,60047
1580,60048
29283,60048
31331,60923
3391,60923
34112,60923
70042,60923
26345,60927
4674,60962
107332,60969
46197,60969
116064,60970
16485,60970
31239,60970
85548,60970
22635,60971
25196,60971
2967,60971
3106,60971
12740,60979
20217,60979
31049,60984
36202,60985
78280,60985
18914,60987
511095,60987
40239,61001
53808,61001
44527,61007
60922,61007
91540,61007
35588,61013
44025,61013
9318,61013
29737,61050
32939,61050
3433,61050
40962,61050
15616,61051
3103,61051
4761,61051
8583,61051
14017,61079
23021,61079
106237,61080
14294,61080
66597,61081
3047,61083
110648,61088
24747,61088
35130,61088
25198,61092
14896,61093
3103,61093
4761,61093
116091,61105
116092,61106
105071,61111
11633,61111
118254,61111
11864,61111
24661,61111
7624,61111
82223,61111
116128,61121
48725,61122
115683,61134
10443,61135
108588,61135
30992,61135
117283,61136
123072,61136
130238,61136
135554,61136
138687,61136
3441,61136
76822,61136
116225,61138
103187,61141
124080,61141
127021,61141
9133,61141
40148,61142
511426,61142
116290,61144
52791,61145
116311,61152
100086,61159
100087,61159
105037,61159
138739,61159
33313,61159
31522,61163
75785,61163
11465,61164
35913,61164
41232,61164
63284,61164
91660,61164
111322,61167
116095,61167
120537,61167
122662,61167
125049,61167
130036,61167
131021,61167
139557,61167
24182,61167
3084,61167
32645,61167
56935,61167
95115,61167
95523,61167
41519,61171
49337,61172
86125,61176
72294,61179
72294,61179
116441,61180
23253,61180
101384,61181
32424,61182
115374,61185
106030,61189
62732,61190
61324,61192
71808,61194
81657,61195
116498,61199
72453,61200
94850,61204
76946,61205
116531,61208
85261,61210
62394,61215
42652,61223
74759,61225
100122,61227
100123,61227
103863,61227
122126,61227
12716,61227
91242,61227
100334,61228
100336,61228
95806,61228
71184,61229
54192,61231
62718,61233
31626,61236
65556,61238
75153,61239
86230,61240
44616,61241
10570,61242
115668,61243
123079,61243
132191,61243
133175,61243
552482,61243
105787,61246
106332,61246
106333,61246
115918,61246
121150,61246
126190,61246
2320,61246
4852,61246
99518,61246
116623,61249
13128,61251
116667,61252
116677,61253
116689,61255
123092,61258
126010,61258
126864,61258
131253,61258
135188,61258
5056,61258
75048,61258
92180,61258
134542,61259
134851,61259
4705,61259
95265,61259
95347,61259
104795,61260
116697,61262
116702,61263
3528,61263
42653,61264
65923,61265
107131,61266
116713,61269
116717,61273
122394,61275
127333,61275
36181,61275
66760,61275
90609,61275
74855,61276
37040,61278
67046,61279
70616,61281
66967,61282
116737,61285
70573,61287
49047,61288
11064,61289
8472,61289
72005,61290
53640,61292
101730,61293
126581,61296
31404,61296
3502,61296
49483,61296
69710,61299
65229,61305
125620,61306
49496,61306
45233,61308
3637,61309
65469,61309
76454,61309
45233,61310
10020,61311
116788,61311
107186,61312
56658,61312
8469,61312
114998,61313
11987,61313
132164,61313
17667,61313
509856,61313
65498,61313
10093,61315
12979,61315
13578,61316
13844,61316
139360,61316
14543,61316
15387,61316
30710,61316
42740,61316
4785,61316
4788,61316
9169,61316
110718,61318
124764,61318
33291,61318
41470,61318
126011,61319
134946,61319
134948,61319
71942,61319
11642,61321
22112,61321
36440,61321
8157,61321
115668,61325
123054,61325
552482,61325
10151,61327
12997,61327
25183,61327
56221,61327
95610,61327
33161,61334
111366,61335
126135,61335
3520,61335
507106,61335
509469,61335
514993,61335
522704,61335
33091,61336
3444,61336
63061,61336
112085,61339
122475,61339
9878,61339
107863,61340
123095,61340
138849,61340
27965,61340
31913,61340
505997,61340
76360,61340
122493,61342
122502,61342
122504,61342
25429,61342
42841,61342
63068,61342
85874,61342
13090,61343
3319,61343
114964,61344
123029,61344
139089,61344
22236,61344
510922,61344
514596,61344
50491,61345
11091,61348
116853,61348
116854,61348
116856,61348
122409,61348
95715,61348
116859,61349
116859,61349
120097,61349
16960,61349
71956,61349
40499,61350
40499,61350
123005,61351
123006,61351
123007,61351
134480,61351
13714,61351
14007,61351
9209,61351
116861,61356
116861,61356
103329,61358
126090,61358
130108,61358
138815,61358
139511,61358
139667,61358
516368,61358
516370,61358
516371,61358
523045,61358
116863,61359
27124,61359
9871,61359
123049,61360
123050,61360
23881,61360
89330,61360
101984,61361
106166,61361
115962,61361
125688,61361
130107,61361
3494,61361
501034,61361
501121,61361
505284,61361
507339,61361
510722,61361
511594,61361
523748,61361
27119,61363
115112,61364
14570,61364
105750,61370
20396,61370
23917,61370
46246,61370
4865,61370
5166,61370
100564,61371
100565,61371
11887,61371
122438,61371
131336,61371
500464,61371
113907,61372
122960,61372
122966,61372
127753,61372
5786,61372
83128,61372
137770,61377
4720,61377
94317,61377
123628,61378
80618,61378
94349,61378
98807,61378
108588,61379
122367,61379
124956,61379
131433,61379
20289,61379
24539,61379
91314,61379
126114,61380
139647,61380
88156,61380
112100,61381
11801,61381
35256,61381
97700,61381
118343,61384
23181,61384
27226,61384
11545,61386
24160,61386
95823,61386
95827,61386
45312,61387
12615,61391
2260,61391
40965,61394
12157,61396
95533,61396
122395,61397
91914,61397
42218,61398
14884,61400
19116,61400
93149,61400
44909,61402
85994,61402
116901,61403
122951,61403
46282,61403
101771,61405
107424,61405
44929,61405
4823,61405
507078,61405
93851,61405
93851,61405
119047,61409
132034,61409
134984,61409
2103,61409
23162,61409
32285,61409
4785,61409
104646,61411
112477,61411
506926,61411
506927,61411
512326,61411
512327,61411
514454,61411
518418,61411
518419,61411
518420,61411
101998,61412
36326,61412
41126,61412
54585,61412
63701,61412
20507,61419
54976,61419
100650,61420
115836,61420
126026,61420
130721,61420
139561,61420
139562,61420
501463,61420
507511,61420
95488,61420
6892,61423
6946,61423
7028,61423
9860,61423
9860,61423
116915,61424
139575,61424
11963,61425
125533,61425
10472,61426
41574,61426
89473,61426
2896,61429
57834,61429
95835,61429
10422,61431
116062,61431
123055,61431
57796,61431
82217,61433
123598,61434
42270,61434
503655,61434
511228,61434
122519,61436
4663,61436
122461,61440
122463,61440
26272,61440
41032,61440
50060,61440
10767,61441
122542,61441
130341,61441
2118,61441
49381,61441
60614,61441
116925,61442
126928,61442
121708,61443
31902,61443
3780,61443
85830,61443
27818,61444
87312,61444
12769,61445
89412,61445
100413,61446
129034,61446
36518,61446
37867,61446
90865,61446
41146,61448
41147,61448
52032,61448
66300,61448
12907,61450
22302,61450
22302,61450
504788,61450
514723,61450
66336,61450
66336,61450
100014,61451
110068,61451
20033,61451
20034,61451
502792,61451
503001,61451
105052,61452
111148,61452
112021,61452
11690,61452
101439,61453
106468,61453
109481,61453
112144,61453
112145,61453
123036,61453
126046,61453
128492,61453
131718,61453
131753,61453
1887,61453
20584,61453
72125,61453
125430,61455
134453,61455
3476,61455
503161,61455
511584,61455
517999,61455
527966,61455
626771,61455
93802,61455
10152,61458
134893,61458
18732,61458
57985,61458
74678,61458
125685,61459
12810,61459
40859,61459
18779,61460
63081,61460
63081,61460
68463,61462
116932,61465
122934,61465
122937,61465
54023,61465
91592,61466
100507,61470
112581,61470
116935,61470
121935,61470
122436,61470
130785,61470
131521,61470
138762,61470
28105,61470
41024,61470
8463,61470
90890,61470
95565,61470
100265,61472
40461,61472
124769,61475
132991,61475
132992,61475
46909,61475
4950,61475
69686,61475
11092,61477
9269,61477
117698,61479
12128,61479
18114,61479
4750,61479
123535,61481
138868,61481
40678,61481
111082,61482
126029,61482
127195,61482
130147,61482
131307,61482
139333,61482
19068,61482
45877,61482
57617,61482
62368,61482
75368,61482
84906,61482
97520,61482
116944,61484
505289,61484
506976,61484
512523,61484
513387,61484
69863,61484
78169,61484
94345,61484
103521,61485
104254,61485
115890,61485
12198,61485
131719,61485
32860,61485
4865,61485
91704,61485
102581,61493
102582,61493
11777,61493
15356,61493
57735,61493
91658,61493
116007,61494
125574,61494
126061,61494
128041,61494
506599,61494
507859,61494
92378,61494
41086,61496
7067,61496
75375,61496
96206,61496
120414,61497
122133,61497
132272,61497
1887,61497
20128,61497
28565,61497
102580,61498
122480,61498
122481,61498
14359,61498
20034,61498
4544,61498
71242,61498
114965,61499
139555,61499
22392,61499
13930,61500
18729,61500
10531,61502
10552,61502
49739,61502
116949,61503
100166,61504
100167,61504
105992,61504
111709,61504
130150,61504
31724,61504
5685,61504
89320,61504
111877,61505
123058,61505
123059,61505
123060,61505
125496,61505
3442,61505
541336,61505
31190,61506
78147,61506
111657,61507
138289,61507
139493,61507
505163,61507
506880,61507
53416,61507
122226,61508
122227,61508
49750,61508
13944,61509
30028,61509
41894,61509
41894,61509
50093,61509
50096,61509
50098,61509
62645,61509
62802,61509
10743,61510
112624,61510
116885,61510
122994,61510
29829,61510
62417,61510
80399,61513
96103,61513
11997,61516
71835,61516
11033,61517
123040,61517
19254,61517
47984,61517
122252,61521
12345,61521
2907,61521
3400,61521
117583,61524
126261,61524
19802,61524
36456,61524
92160,61524
102402,61526
123034,61526
123035,61526
25827,61526
66699,61526
90786,61526
95137,61526
109157,61531
109158,61531
124043,61531
12868,61531
57364,61531
106726,61535
131720,61535
13469,61535
122231,61536
122955,61536
28103,61536
4693,61536
48665,61540
48665,61540
10088,61541
122971,61541
99437,61541
103992,61543
104001,61543
119644,61543
120820,61543
122456,61543
3043,61543
8313,61543
13644,61547
26755,61547
587485,61547
65430,61547
117697,61548
21124,61548
99726,61548
125387,61550
46152,61550
46152,61550
78559,61550
126765,61552
135708,61552
33826,61552
99317,61552
127010,61553
504838,61553
82098,61553
91070,61553
94861,61553
105237,61559
132253,61559
135264,61559
4902,61559
4904,61559
71003,61559
104427,61560
112903,61560
114505,61560
130148,61560
3043,61560
8488,61560
85615,61560
87272,61560
91168,61560
107265,61563
115676,61563
115678,61563
129801,61563
139602,61563
8583,61563
91242,61563
102338,61564
102340,61564
102341,61564
107192,61564
111953,61564
115680,61564
12185,61564
123087,61564
131066,61564
137893,61564
139532,61564
2349,61564
13104,61565
87504,61565
87504,61565
117681,61566
121800,61566
121801,61566
122166,61566
124770,61566
126994,61566
127013,61566
130957,61566
131067,61566
131749,61566
132146,61566
135805,61566
139386,61566
18297,61566
1904,61566
3116,61566
95115,61566
100259,61568
66597,61568
65249,61570
65249,61570
79159,61570
79159,61570
11565,61571
124002,61571
64183,61571
66882,61571
11447,61573
134077,61573
134078,61573
32173,61573
67066,61573
123046,61576
19850,61576
12132,61578
26248,61578
118459,61579
12504,61579
126151,61579
126623,61579
131955,61579
35420,61579
47672,61579
503657,61579
519280,61579
17910,61580
37700,61580
12403,61581
26078,61582
41127,61582
45688,61582
82538,61582
123440,61585
20326,61585
122408,61586
26272,61586
10784,61587
95705,61587
11204,61589
116970,61589
134886,61589
91070,61589
80549,61590
116975,61596
123037,61596
513918,61596
110905,61600
116980,61600
506887,61600
50957,61600
92380,61600
95121,61600
103558,61602
124611,61602
64454,61602
8327,61602
122772,61603
122774,61603
122775,61603
122776,61603
122777,61603
2097,61603
59345,61603
122441,61607
122442,61607
123393,61607
130927,61607
46120,61607
63553,61607
116979,61610
116979,61610
116982,61610
36440,61610
65469,61610
100170,61620
121858,61620
126266,61620
64798,61620
91621,61620
129670,61622
81942,61622
122470,61623
22504,61623
23900,61623
78069,61623
122473,61624
126097,61624
136345,61624
82306,61624
86030,61624
116998,61625
117007,61625
117009,61625
3291,61625
11173,61626
43756,61626
5090,61626
8508,61626
99262,61626
122457,61629
37039,61629
117014,61632
117017,61632
126269,61632
139179,61632
14359,61632
20034,61632
117015,61633
117015,61633
51161,61634
75800,61634
115685,61636
125491,61636
12575,61636
91117,61636
118675,61641
121057,61641
54427,61641
68731,61641
80962,61641
18914,61644
511095,61644
96282,61644
98345,61644
110851,61648
68763,61648
85820,61648
122546,61653
126245,61653
17096,61653
10838,61654
122476,61654
515632,61654
90446,61654
115944,61655
116914,61655
126608,61655
17147,61655
48548,61655
84417,61655
84417,61655
122521,61656
12361,61656
110889,61659
12158,61659
507150,61659
507439,61659
524492,61659
540877,61659
18409,61663
32206,61663
3387,61663
597851,61663
91516,61663
110199,61676
111667,61676
111668,61676
135630,61676
37128,61676
49160,61676
500512,61676
54503,61676
54606,61676
92013,61676
92101,61676
99830,61676
117033,61679
26435,61679
10835,61680
133941,61680
545290,61680
63068,61680
107546,61682
122383,61682
122385,61682
122386,61682
122389,61682
122390,61682
23285,61682
500444,61682
112142,61684
126091,61684
126093,61684
8959,61684
11749,61685
14676,61685
33091,61685
66687,61685
101785,61687
134202,61687
50682,61687
54482,61687
75800,61687
125428,61688
31272,61688
511095,61688
10257,61694
123052,61694
9176,61694
100369,61695
122311,61695
122312,61695
130268,61695
540438,61695
56104,61695
122961,61696
19041,61696
82638,61701
82638,61701
122280,61703
33299,61703
130959,61707
66800,61707
80361,61707
100837,61708
107149,61708
107153,61708
107154,61708
54625,61708
9544,61708
117043,61710
29497,61710
63737,61710
123384,61712
12354,61712
46023,61712
12366,61715
13509,61715
13509,61715
101634,61716
11204,61716
131262,61716
36602,61716
500113,61716
8591,61716
113629,61717
116097,61717
12241,61717
124555,61717
133323,61717
17883,61717
23917,61717
23945,61717
25495,61717
4865,61717
78929,61717
92370,61717
116982,61718
117063,61718
134417,61720
30309,61720
500782,61720
95476,61720
101230,61721
117065,61721
117065,61721
118128,61721
123539,61721
63085,61721
83909,61721
11598,61723
122545,61723
89153,61723
118462,61724
122808,61724
92020,61724
111710,61726
122342,61726
126823,61726
63909,61726
77230,61726
85962,61726
96375,61726
96376,61726
99255,61726
108648,61735
110684,61735
111988,61735
116226,61735
116228,61735
12128,61735
122458,61735
130745,61735
134112,61735
135802,61735
137521,61735
2537,61735
30434,61735
77918,61735
87855,61735
93406,61735
9930,61735
111549,61736
116956,61736
117068,61736
122566,61736
77196,61736
9112,61736
117069,61737
117069,61737
16024,61737
62976,61737
100354,61739
123091,61739
54499,61739
69197,61739
116472,61740
116473,61740
126052,61740
13407,61740
26060,61740
33273,61740
4742,61740
50511,61740
91483,61740
102782,61741
21860,61741
10560,61742
510631,61742
511385,61742
76476,61742
95548,61742
118575,61743
21246,61743
122264,61746
126278,61746
137638,61746
139421,61746
4673,61746
98536,61746
11795,61749
74365,61749
126048,61750
22471,61750
85821,61750
106360,61751
111650,61751
25245,61751
10759,61752
117071,61752
122452,61752
122453,61752
17917,61752
91081,61752
123785,61753
131089,61753
20393,61753
97255,61753
122092,61754
26334,61754
11097,61755
122430,61755
122434,61755
125195,61755
129876,61755
4832,61755
81691,61755
92142,61755
109261,61756
115978,61756
12457,61756
99942,61756
123051,61757
139474,61757
515855,61757
516637,61757
93696,61757
4842,61758
82271,61758
93093,61758
122313,61762
130856,61762
44144,61762
112039,61764
122347,61764
102549,61766
122486,61766
134548,61766
32911,61766
100915,61767
3389,61767
41267,61767
104246,61771
12249,61771
16881,61771
25324,61771
122474,61773
1897,61773
26002,61773
45970,61773
91830,61773
10095,61776
62398,61776
85911,61776
500492,61777
500496,61777
505572,61777
509965,61777
64074,61777
117074,61779
11896,61779
47478,61779
507302,61779
507486,61779
105054,61780
11324,61780
117075,61780
9536,61780
14838,61781
26435,61781
61739,61781
100988,61785
11117,61785
112833,61785
116568,61785
117033,61785
121628,61785
122694,61785
122697,61785
126215,61785
130270,61785
130273,61785
13379,61785
13731,61785
14433,61785
22942,61785
23532,61785
26435,61785
62470,61785
81506,61785
91809,61785
101009,61788
105098,61788
106379,61788
121514,61788
17076,61788
2896,61788
33331,61788
57834,61788
94790,61788
99244,61788
99828,61788
99829,61788
104370,61790
112523,61790
116233,61790
11819,61790
123266,61790
126215,61790
13529,61790
14838,61790
15476,61790
23528,61790
23530,61790
2950,61790
4805,61790
48669,61790
91572,61790
92105,61790
94658,61790
95586,61790
111471,61792
124772,61792
137641,61792
49700,61792
98073,61792
117083,61794
19277,61807
9848,61807
115968,61810
123043,61810
124900,61810
126076,61810
134446,61810
26299,61810
42739,61810
75653,61810
93418,61810
117098,61812
3609,61813
9157,61813
9157,61813
100982,61814
12218,61814
128704,61814
22587,61814
37042,61814
117104,61817
123330,61817
123331,61817
123332,61817
123333,61817
19810,61817
33229,61817
9379,61817
9379,61817
20426,61819
502511,61819
63247,61819
87612,61819
93600,61819
14328,61820
25196,61820
56323,61820
98198,61820
130606,61821
3512,61821
99249,61821
100161,61822
114119,61822
115801,61822
117117,61822
125409,61822
128915,61822
135312,61822
563801,61822
57957,61822
70552,61822
84456,61822
97927,61822
115941,61824
130108,61824
82300,61824
95445,61824
117109,61825
123916,61825
128916,61825
85367,61825
119305,61830
119313,61830
128999,61830
137018,61830
33266,61830
87498,61830
117121,61831
122455,61831
15356,61831
106442,61833
106443,61833
3777,61833
503280,61833
123357,61837
19207,61837
4750,61837
5019,61837
13013,61844
139573,61844
25823,61844
503950,61844
531027,61844
96222,61844
139793,61845
82136,61845
8613,61845
128915,61846
20868,61846
27554,61846
4668,61846
47700,61846
71714,61846
117134,61848
117134,61848
6888,61848
117130,61851
100844,61852
111109,61852
111201,61852
111936,61852
122088,61852
130920,61852
500178,61852
110017,61854
122460,61854
122462,61854
122579,61854
126009,61854
110199,61855
135619,61855
54503,61855
106597,61857
111333,61857
123410,61857
507050,61857
507892,61857
65602,61857
74298,61857
7904,61857
100459,61860
108442,61860
108443,61860
12292,61860
137824,61860
23597,61860
43705,61860
4858,61860
100339,61862
100348,61862
129722,61862
130359,61862
95735,61862
95812,61862
100557,61865
125788,61865
130369,61865
54598,61865
102796,61871
115568,61871
123633,61871
123635,61871
131180,61871
132748,61871
17633,61871
4795,61871
500498,61871
503747,61871
504840,61871
92524,61871
104366,61872
104367,61872
2152,61872
82782,61872
85779,61872
85780,61872
91692,61872
104269,61873
106450,61873
16409,61873
49683,61873
103385,61875
130911,61875
23579,61875
45466,61875
95792,61875
103188,61877
126018,61877
10125,61878
114506,61878
122965,61878
85613,61878
126452,61879
126454,61879
126455,61879
138038,61879
3396,61879
92522,61879
103004,61880
18978,61880
21165,61880
126832,61882
35049,61882
503240,61882
116816,61883
121821,61883
122991,61883
79907,61883
107750,61886
130912,61886
95828,61886
130701,61887
18220,61887
504014,61887
54598,61887
82116,61887
10115,61889
110885,61889
110886,61889
126027,61889
126028,61889
130482,61889
134173,61889
134375,61889
507261,61889
126196,61890
130961,61890
134324,61890
137490,61890
139449,61890
3079,61890
100533,61891
100534,61891
100535,61891
116210,61891
116211,61891
116212,61891
124896,61891
133894,61891
133896,61891
138428,61891
95723,61891
10125,61892
117152,61892
125053,61892
125054,61892
502807,61892
111043,61894
132288,61894
138950,61894
15334,61894
4970,61894
53884,61894
85718,61894
131229,61895
26317,61895
130111,61896
85904,61896
85906,61896
113432,61897
120022,61897
130717,61897
54587,61897
115988,61899
115989,61899
23597,61899
23922,61899
33273,61899
4858,61899
101786,61901
102151,61901
107070,61901
122247,61901
122248,61901
122249,61901
3049,61901
76525,61901
91607,61901
9271,61901
100455,61902
111202,61902
122164,61902
129838,61902
137163,61902
16519,61902
33128,61902
49655,61902
117033,61904
26435,61904
125078,61906
135270,61906
46053,61906
46053,61906
71956,61906
8929,61906
89533,61906
107589,61911
120055,61911
128393,61911
128394,61911
27977,61911
54692,61911
62809,61911
88478,61911
91564,61911
112266,61912
122429,61912
123108,61912
54023,61912
584803,61912
95767,61912
111151,61917
117159,61917
119864,61917
31544,61924
125353,61927
134226,61927
3391,61927
70042,61927
70042,61927
117163,61931
111140,61933
111671,61933
125625,61933
14206,61933
18914,61933
32860,61933
511095,61933
125529,61935
21444,61935
25282,61935
53192,61935
99408,61935
11804,61936
25490,61936
58822,61936
12155,61938
510596,61938
510597,61938
65858,61938
84291,61938
18557,61942
18557,61942
66196,61943
66196,61943
134437,61954
3587,61954
504501,61954
507042,61954
90458,61954
11616,61956
26281,61956
50454,61956
66416,61956
91916,61956
9586,61956
16766,61960
3339,61960
84245,61960
84553,61960
117188,61965
127483,61965
134520,61965
49449,61965
503661,61965
509198,61965
509199,61965
94723,61965
99998,61965
10306,61966
106373,61966
130750,61966
130775,61966
130864,61966
2359,61966
51163,61966
66791,61966
84250,61966
92591,61966
123061,61967
3541,61967
109869,61969
114281,61969
134868,61969
3455,61969
39496,61969
500191,61969
506942,61969
513817,61969
519331,61969
90825,61969
122773,61971
129379,61971
23167,61971
500546,61971
500547,61971
56665,61971
117197,61973
41032,61973
59179,61973
59179,61973
11094,61975
29650,61975
7808,61975
11897,61982
66385,61982
9205,61982
92261,61982
122320,61983
500904,61983
56647,61983
9102,61983
117220,61988
117223,61988
126033,61988
507481,61988
108395,61990
122464,61990
122465,61990
123708,61993
123709,61993
130948,61993
130949,61993
130950,61993
26194,61993
117195,61994
117224,61994
11938,61994
123063,61994
123064,61994
12455,61994
9358,61995
95333,61995
15784,61996
26932,61996
53843,61996
6887,61996
11648,61997
27823,61997
50048,61997
506327,61997
63275,61997
65237,61997
117228,61998
117230,61998
45152,61998
104988,62000
124339,62000
130658,62000
15126,62000
26404,62000
31331,62000
34112,62000
91458,62000
123326,62001
123328,62001
123329,62001
12740,62001
131190,62001
135252,62001
20217,62001
54945,62001
95192,62001
100454,62002
100643,62002
105901,62002
122478,62002
122479,62002
122967,62002
134755,62002
14413,62002
4932,62002
88483,62002
117231,62003
122483,62003
91692,62003
124108,62008
12455,62008
125443,62008
138818,62008
504302,62008
81402,62008
105135,62015
10858,62015
117247,62021
26363,62021
37760,62021
503390,62021
67377,62021
94379,62021
11091,62022
100987,62023
11364,62023
49843,62023
119545,62024
129214,62024
12965,62024
138814,62024
62987,62024
130867,62025
130868,62025
502645,62025
5786,62025
62009,62025
82006,62025
96067,62025
139614,62026
26323,62026
91405,62026
114470,62030
126732,62030
503337,62030
122836,62031
506881,62031
508900,62031
508901,62031
56543,62031
11535,62032
122992,62032
122993,62032
122994,62032
93873,62032
117266,62038
117267,62038
65469,62038
11147,62041
117268,62041
66807,62041
81835,62041
9609,62041
117271,62043
49901,62043
50248,62043
111111,62046
123093,62046
9459,62046
117280,62047
117280,62047
126016,62047
49565,62047
69905,62047
11897,62048
66385,62048
9205,62048
92261,62048
118126,62056
118128,62056
24194,62056
24194,62056
36054,62056
6414,62056
85752,62056
95523,62056
116085,62062
4674,62062
122628,62066
31238,62066
70301,62066
44171,62081
36686,62084
39391,62084
90011,62084
80267,62085
53162,62089
84920,62089
14769,62091
49637,62091
552608,62091
117374,62092
126590,62092
136356,62092
136357,62092
16477,62092
36440,62092
63004,62092
117377,62094
10183,62095
117375,62095
13040,62095
79765,62095
110808,62102
126150,62102
129631,62102
129632,62102
131754,62113
139487,62113
20415,62113
501404,62113
88887,62113
3619,62117
71956,62117
117415,62121
117413,62124
117414,62124
33997,62124
117422,62125
117426,62125
4922,62125
106370,62127
117431,62127
117433,62127
49954,62127
79992,62127
117439,62132
117474,62146
5093,62148
9458,62148
10026,62149
117477,62149
117484,62151
21314,62151
79817,62151
116771,62156
51637,62156
117510,62160
117513,62160
20299,62160
20215,62161
89295,62161
117528,62165
117530,62165
13149,62165
18482,62165
117539,62171
2902,62171
40678,62172
79938,62172
117549,62178
139360,62178
14616,62178
117552,62179
4810,62179
117556,62181
117558,62181
32866,62181
64798,62181
19254,62184
2875,62184
79036,62184
117572,62190
3164,62190
79595,62190
9563,62190
10676,62192
11687,62192
117579,62194
5085,62194
117580,62195
117582,62195
9983,62195
117585,62199
25245,62200
54587,62200
86374,62200
116109,62201
54246,62201
75105,62201
79734,62201
116516,62207
41409,62207
46210,62207
116088,62223
117631,62223
41723,62223
79250,62223
117640,62228
13118,62228
20817,62237
60633,62237
78933,62237
100802,62239
117658,62239
117659,62239
117663,62239
4931,62239
117670,62246
117675,62246
117682,62250
41194,62250
117686,62253
2862,62253
506096,62253
79731,62253
25196,62258
3051,62258
42501,62258
75881,62258
117699,62261
117701,62261
46143,62261
117723,62274
47103,62274
117724,62276
117726,62276
34112,62276
80005,62276
10353,62279
79407,62279
11078,62282
116831,62282
66812,62286
75470,62286
84778,62286
105757,62287
117750,62287
117753,62287
42841,62287
117767,62290
4847,62290
9634,62290
117775,62293
3047,62293
117779,62295
117782,62295
41024,62295
117093,62303
117095,62303
117802,62303
99520,62303
117813,62307
12218,62307
80046,62307
25827,62309
33172,62309
60999,62309
3112,62310
60414,62310
117830,62314
117833,62314
117837,62314
117840,62314
15919,62317
552608,62317
79826,62317
117863,62331
117865,62331
12178,62331
89962,62331
116238,62332
117870,62332
49587,62332
84697,62334
9172,62334
117887,62336
48750,62336
8488,62336
95593,62336
117900,62342
117903,62342
117906,62342
117910,62342
36338,62342
117917,62347
117920,62347
13325,62347
88322,62347
117922,62348
14896,62348
117931,62351
117933,62351
49700,62351
73556,62351
117951,62355
3575,62355
52848,62355
117968,62359
3400,62359
79285,62359
79776,62360
9784,62360
117972,62362
117973,62362
18409,62362
117993,62372
57736,62372
79312,62372
117113,62373
117117,62373
117119,62373
117994,62373
9311,62373
118001,62375
26357,62375
116749,62378
116751,62378
524253,62378
118005,62379
118007,62379
37135,62379
8463,62379
4864,62381
71887,62381
79192,62381
8367,62381
118023,62384
23234,62384
11894,62389
118047,62392
57686,62392
90143,62392
9717,62392
118049,62393
3521,62393
118055,62396
118056,62396
118057,62396
61022,62396
66859,62396
78840,62396
84499,62396
117975,62397
46152,62400
79168,62400
79169,62400
11391,62401
118088,62401
118086,62402
117174,62404
118091,62404
49728,62404
118093,62406
118094,62406
2129,62406
75602,62406
118098,62407
118101,62407
46152,62407
118106,62408
12647,62408
118124,62412
31049,62412
34562,62412
118131,62414
118133,62414
118136,62414
118140,62416
118144,62416
30431,62416
33834,62416
118147,62417
118149,62417
21951,62417
118160,62420
118162,62420
78247,62420
118191,62429
37039,62429
79428,62429
131223,62437
17493,62437
49951,62437
53419,62437
9037,62437
132545,62438
3637,62438
62929,62438
62929,62438
112583,62439
27226,62439
91229,62439
76467,62440
77778,62443
67065,62444
505444,62445
100540,62447
118430,62448
118430,62448
133790,62448
133791,62448
133793,62448
117007,62449
118434,62449
120020,62449
24160,62449
3291,62449
559082,62449
14642,62451
25495,62451
44206,62452
118504,62454
111942,62461
118533,62461
23723,62461
13030,62462
20244,62462
22236,62462
12238,62463
6879,62463
118558,62464
100546,62470
5076,62470
12997,62477
30059,62477
14936,62478
4813,62478
15306,62479
112197,62481
125913,62481
129112,62481
118795,62489
11088,62492
12432,62492
6917,62492
110974,62493
55211,62494
118865,62495
118885,62497
40849,62498
50527,62499
50527,62499
81757,62502
8591,62502
115079,62504
118672,62504
118674,62504
36408,62504
509041,62504
514662,62504
516155,62504
8876,62515
11466,62521
25827,62521
50789,62521
27691,62526
26091,62529
45149,62529
70108,62530
10293,62531
119709,62537
99572,62544
106339,62547
12258,62547
8312,62547
119748,62554
67091,62558
96914,62559
119764,62561
119790,62567
119790,62567
85805,62567
116784,62580
25196,62580
2946,62580
118529,62584
20048,62584
3462,62584
119898,62585
31239,62585
49496,62585
89724,62585
119991,62587
119995,62587
119997,62587
131311,62587
120006,62589
57866,62589
84787,62589
84789,62589
117502,62590
117504,62590
120017,62590
9132,62590
2967,62595
90043,62595
1726,62596
120042,62598
120044,62598
9353,62598
120052,62602
120063,62602
25897,62602
86733,62602
9830,62602
120057,62604
120059,62604
120061,62604
18114,62604
89324,62604
9930,62604
120070,62606
120072,62606
120074,62606
70133,62606
120078,62607
20432,62607
4722,62607
86240,62607
86241,62607
86244,62607
86253,62607
120090,62610
120186,62610
12184,62610
27801,62610
14570,62611
35623,62611
35623,62611
117721,62613
2874,62613
120105,62615
120107,62615
95806,62615
39658,62617
42642,62617
62296,62617
84847,62617
8485,62617
120140,62618
42199,62618
84688,62618
116967,62620
117084,62620
117858,62620
120146,62620
12887,62620
3599,62620
80080,62620
10641,62621
120151,62621
52689,62621
31049,62623
85388,62623
20299,62625
118027,62626
118029,62626
118645,62626
120167,62626
4818,62626
79903,62626
79905,62626
79931,62626
9318,62626
2446,62627
118680,62632
118682,62632
118684,62632
20555,62632
120189,62633
120195,62633
43906,62633
120191,62635
2875,62635
79036,62635
117682,62638
117696,62638
117951,62638
19358,62638
3575,62638
41194,62638
52848,62638
84676,62638
57278,62640
89955,62640
120202,62642
120205,62642
120207,62642
12292,62642
117739,62643
49648,62643
7760,62643
111277,62644
116546,62644
116550,62644
36686,62644
10966,62645
86261,62645
2152,62649
52780,62649
120227,62652
12182,62652
90807,62652
120307,62658
120309,62658
120311,62658
503462,62658
84768,62658
84770,62658
10384,62664
31038,62664
15317,62668
16142,62668
3291,62668
36343,62668
53595,62668
7700,62668
27812,62672
12198,62678
120444,62679
57358,62679
120483,62686
49756,62686
120498,62700
19428,62703
120573,62716
76814,62727
126054,62740
126057,62740
12657,62740
35805,62740
35805,62740
10514,62744
32254,62744
67371,62744
124580,62769
131505,62769
133941,62769
22616,62769
512553,62769
514481,62769
535771,62769
54548,62769
11094,62778
6463,62778
55234,62826
59175,62826
71674,62826
120826,62926
24043,62926
46565,62947
123583,62951
78408,62951
120886,62969
120893,62973
120975,62991
63896,63002
27358,63003
121018,63006
121027,63008
9872,63008
121037,63011
121038,63011
76454,63011
31238,63014
91200,63015
46179,63025
94985,63025
96098,63025
111696,63026
111697,63026
121088,63026
121089,63026
127026,63026
129132,63026
132163,63026
134445,63026
134521,63026
134522,63026
138012,63026
138838,63026
27699,63026
500215,63026
500535,63026
40612,63030
78878,63033
121237,63040
38250,63043
520168,63050
11527,63053
11554,63053
12214,63064
17469,63067
29545,63067
121500,63070
121535,63086
121538,63088
74975,63095
121559,63102
29970,63105
34920,63109
34569,63143
66919,63143
121693,63144
39852,63144
6478,63148
11456,63151
62640,63155
121710,63157
49259,63159
82306,63160
121741,63161
102041,63162
121749,63165
121750,63166
103541,63168
106317,63170
121753,63173
121769,63177
115414,63178
91850,63184
121794,63190
46243,63190
57580,63193
2176,63196
41150,63202
59337,63202
90705,63203
99508,63203
36686,63204
9062,63204
120597,63208
121848,63211
121856,63213
12022,63216
96044,63216
118508,63218
8240,63220
49996,63221
48725,63222
67228,63222
76555,63222
1759,63223
121872,63224
32458,63225
9903,63231
9903,63232
20326,63233
57861,63245
10466,63247
121968,63247
19048,63247
85951,63247
121972,63248
54899,63254
10406,63265
26932,63265
12173,63266
86038,63266
51684,63290
73631,63294
11765,63300
112055,63302
91162,63302
11648,63313
11648,63314
11648,63315
20000,63330
57884,63330
78440,63330
68990,63331
26225,63337
82675,63342
14655,63383
9626,63383
13509,63385
10782,63400
27344,63407
62597,63468
122490,63485
84910,63513
23727,63635
8791,63635
88331,64059
122700,64162
500493,64183
28692,64184
123106,64185
123362,64198
123365,64199
123388,64202
125670,64207
2874,64209
125656,64368
125673,64372
125676,64376
125681,64379
19734,64381
126066,64576
101999,64578
